{"cameraMode":{"drawMode":0,"name":"Shaded","section":"Shading Mode"},"sceneLighting":true,"audioPlay":false,"sceneViewState":{"m_AlwaysRefresh":false,"showFog":true,"showSkybox":true,"showFlares":true,"showImageEffects":true,"showParticleSystems":true,"showVisualEffectGraphs":true,"m_FxEnabled":true},"in2DMode":false,"pivot":{"x":1.319627285003662,"y":-3.6587319374084474,"z":-13.542984008789063},"rotation":{"x":-0.002976709511131048,"y":0.9828469157218933,"z":-0.18373622000217439,"w":-0.015923263505101205},"size":15.558653831481934,"orthographic":false}