{"cameraMode":{"drawMode":0,"name":"Shaded","section":"Shading Mode"},"sceneLighting":true,"audioPlay":false,"sceneViewState":{"m_AlwaysRefresh":false,"showFog":true,"showSkybox":true,"showFlares":true,"showImageEffects":true,"showParticleSystems":true,"showVisualEffectGraphs":true,"m_FxEnabled":true},"in2DMode":false,"pivot":{"x":1.512549877166748,"y":-2.250826358795166,"z":-29.353256225585939},"rotation":{"x":-0.005803003907203674,"y":-0.9937390685081482,"z":0.09299597889184952,"w":-0.06208200007677078},"size":17.727561950683595,"orthographic":false}