{"cameraMode":{"drawMode":0,"name":"Shaded","section":"Shading Mode"},"sceneLighting":false,"audioPlay":false,"sceneViewState":{"m_AlwaysRefresh":false,"showFog":false,"showSkybox":false,"showFlares":false,"showImageEffects":false,"showParticleSystems":false,"showVisualEffectGraphs":true,"m_FxEnabled":true},"in2DMode":false,"pivot":{"x":-0.7553389072418213,"y":2.6318726539611818,"z":0.07953226566314697},"rotation":{"x":-0.010086532682180405,"y":0.9887427687644959,"z":-0.12706336379051209,"w":-0.07847186923027039},"size":2.1269760131835939,"orthographic":false}